品詞,品詞細分類,ワード,ヨミガナ,音素,回文判定,学名
芸人,ピン,西川きよし,ニシカワキヨシ,n i sh i k a w a k i y o sh i,×,-
芸人,ピン,若井みどり,ワカイミドリ,w a k a i m i d o r i,×,-
芸人,ピン,池乃めだか,イケノメダカ,i k e n o m e d a k a,×,-
芸人,コンビ,中田カウスボタン,ナカダカウスボタン,n a k a d a k a u s u b o t a n,×,-
芸人,ピン,間寛平,カンカンピョウ,k a n k a n p y o u,×,-
芸人,ピン,島田一の介,シマダイチノスケ,sh i m a d a i ch i n o s u k e,×,-
芸人,コンビ,サウンドコピー,サウンドコピー,s a u n d o k o p i i,×,-
芸人,コンビ,ザぼんち,ザボンチ,z a b o n ch i,×,-
芸人,ピン,末成由美,マツセイユミ,m a ts u s e i y u m i,×,-
芸人,ピン,Mr.オクレ,ミスターオクレ,m i s u t a a o k u r e,×,-
芸人,コンビ,オール阪神巨人,オールハンシンキョジン,o o r u h a n sh i n k y o j i n,×,-
芸人,コンビ,西川のりお上方よしお,ニシカワノリオジョウホウヨシオ,n i sh i k a w a n o r i o j o u h o u y o sh i o,×,-
芸人,ピン,大平サブロー,オオヒラサブロー,o o h i r a s a b u r o o,×,-
芸人,コンビ,まるむし商店,マルムシショウテン,m a r u m u sh i sh o u t e n,×,-
芸人,ピン,村上ショージ,ムラカミショージ,m u r a k a m i sh o o j i,×,-
芸人,コンビ,宮川大助花子,ミヤガワダイスケハナコ,m i y a g a w a d a i s u k e h a n a k o,×,-
芸人,ピン,未知やすえ,ミチヤスエ,m i ch i y a s u e,×,-
芸人,コンビ,大木こだまひびき,タイボクコダマヒビキ,t a i b o k u k o d a m a h i b i k i,×,-
芸人,コンビ,ダウンタウン,ダウンタウン,d a u n t a u n,×,-
芸人,コンビ,トミーズ,トミーズ,t o m i i z u,×,-
芸人,コンビ,ハイヒール,ハイヒール,h a i h i i r u,×,-
芸人,ピン,内場勝則,ナイバカツノリ,n a i b a k a ts u n o r i,×,-
芸人,ピン,ジミー大西,ジミーオオニシ,j i m i i o o n i sh i,×,-
芸人,ピン,野沢直子,ノザワナオコ,n o z a w a n a o k o,×,-
芸人,ピン,吉田ヒロ,ヨシダヒロ,y o sh i d a h i r o,×,-
芸人,ピン,清水圭,シミズケイ,sh i m i z u k e i,×,-
芸人,ピン,長原成樹,ナガハラシゲキ,n a g a h a r a sh i g e k i,×,-
芸人,コンビ,Wコウジ,ダブルコウジ,d a b u r u k o u j i,×,-
芸人,ピン,今田耕司,イマダコウジ,i m a d a k o u j i,×,-
芸人,ピン,シルク,シルク,sh i r u k u,×,-
芸人,ピン,はじめ,ハジメ,h a j i m e,×,-
芸人,ピン,東野幸治,ヒガシノコウジ,h i g a sh i n o k o u j i,×,-
芸人,コンビ,リットン調査団,リットンチョウサダン,r i t t o n ch o u s a d a n,×,-
芸人,ピン,木村祐一,キムラユウイチ,k i m u r a y u u i ch i,×,-
芸人,ピン,シベリア文太,シベリアブンタ,sh i b e r i a b u n t a,×,-
芸人,ピン,辻本茂雄,ツジモトシゲオ,ts u j i m o t o sh i g e o,×,-
芸人,コンビ,ショウショウ,ショウショウ,sh o u sh o u,×,-
芸人,コンビ,130R,イチサンマルアール,i ch i s a n m a r u a a r u,×,-
芸人,ピン,石田靖,イシダヤスシ,i sh i d a y a s u sh i,×,-
芸人,ピン,ぜんじろう,ゼンジロウ,z e n j i r o u,×,-
芸人,ピン,中條健一,チュウジョウケンイチ,ch u u j o u k e n i ch i,×,-
芸人,ピン,幹てつや,カンテツヤ,k a n t e ts u y a,×,-
芸人,コンビ,平和ラッパ梅乃ハッパ,ヘイワラッパウメノハッパ,h e i w a r a p p a u m e n o h a p p a,×,-
芸人,ピン,島田珠代,シマダタマヨ,sh i m a d a t a m a y o,×,-
芸人,ピン,清水キョウイチ郎,シミズキョウイチロウ,sh i m i z u k y o u i ch i r o u,×,-
芸人,ピン,宮迫博之,ミヤサコヒロユキ,m i y a s a k o h i r o y u k i,×,-
芸人,ピン,山田花子,ヤマダハナコ,y a m a d a h a n a k o,×,-
芸人,コンビ,ティーアップ,ティーアップ,t i i a p p u,×,-
芸人,コンビ,しましまんず,シマシマンズ,sh i m a sh i m a n z u,×,-
芸人,コンビ,タックイン,タックイン,t a k k u i n,×,-
芸人,コンビ,千原兄弟,センハラキョウダイ,s e n h a r a k y o u d a i,×,-
芸人,コンビ,バッファロー吾郎,バッファローゴロウ,b a f f a r o o g o r o u,×,-
芸人,コンビ,FUJIWARA,フジワラ,f u j i w a r a,×,-
芸人,コンビ,博多華丸大吉,ハカタハナマルダイキチ,h a k a t a h a n a m a r u d a i k i ch i,×,-
芸人,コンビ,はりけーんず,ハリケーンズ,h a r i k e e n z u,×,-
芸人,コンビ,へびいちご,ヘビイチゴ,h e b i i ch i g o,×,-
芸人,コンビ,矢野兵動,ヤノヘイドウ,y a n o h e i d o u,×,-
芸人,コンビ,SNOB,スノッブ,s u n o b b u,×,-
芸人,コンビ,ナインティナイン,ナインティナイン,n a i n t i n a i n,×,-
芸人,コンビ,メッセンジャー,メッセンジャー,m e s s e n j a a,×,-
芸人,コンビ,浜根杉本,ハマネスギモト,h a m a n e s u g i m o t o,×,-
芸人,コンビ,ココリコ,ココリコ,k o k o r i k o,×,-
芸人,コンビ,中川家,ナカガワイエ,n a k a g a w a i e,×,-
芸人,コンビ,プー&ムー,プームー,p u u m u u,×,-
芸人,コンビ,水玉れっぷう隊,ミズタマレップウタイ,m i z u t a m a r e p p u u t a i,×,-
芸人,コンビ,海原やすよともこ,ウナバラヤスヨトモコ,u n a b a r a y a s u y o t o m o k o,×,-
芸人,コンビ,COWCOW,カウカウ,k a u k a u,×,-
芸人,コンビ,シンクタンク,シンクタンク,sh i n k u t a n k u,×,-
芸人,コンビ,2丁拳銃,ニチョウケンジュウ,n i ch o u k e n j u u,×,-
芸人,コンビ,サバンナ,サバンナ,s a b a n n a,×,-
芸人,コンビ,次長課長,ジチョウカチョウ,j i ch o u k a ch o u,×,-
芸人,コンビ,ダイノジ,ダイノジ,d a i n o j i,×,-
芸人,コンビ,タカアンドトシ,タカアンドトシ,t a k a a n d o t o sh i,×,-
芸人,ピン,大山英雄,オオヤマエイユウ,o o y a m a e i y u u,×,-
芸人,ピン,友野英俊,トモノヒデトシ,t o m o n o h i d e t o sh i,×,-
芸人,ピン,なだぎ武,ナダギタケシ,n a d a g i t a k e sh i,×,-
芸人,ピン,なるみ,ナルミ,n a r u m i,×,-
芸人,ピン,蛍原徹,ホトハラトオル,h o t o h a r a t o o r u,×,-
芸人,ピン,ケン坊田中,ケンボウタナカ,k e n b o u t a n a k a,×,-
芸人,ピン,コンバット満,コンバットマン,k o n b a t t o m a n,×,-
芸人,ピン,チャンス大城,チャンスオオシロ,ch a n s u o o sh i r o,×,-
芸人,ピン,星田英利,ホシダヒデトシ,h o sh i d a h i d e t o sh i,×,-
芸人,ピン,宮川大輔,ミヤガワダイスケ,m i y a g a w a d a i s u k e,×,-
芸人,ピン,川畑泰史,カワバタヤスフミ,k a w a b a t a y a s u f u m i,×,-
芸人,ピン,後藤秀樹,ゴトウヒデキ,g o t o u h i d e k i,×,-
芸人,ピン,パンチユーホー,パンチユーホー,p a n ch i y u u h o o,×,-
芸人,ピン,おたこぷー,オタコプー,o t a k o p u u,×,-
芸人,ピン,インタビューマン山下,インタビューマンヤマシタ,i n t a b y u u m a n y a m a sh i t a,×,-
芸人,ピン,ケンドーコバヤシ,ケンドーコバヤシ,k e n d o o k o b a y a sh i,×,-
芸人,ピン,たむらけんじ,タムラケンジ,t a m u r a k e n j i,×,-
芸人,ピン,藤井隆,フジイタカシ,f u j i i t a k a sh i,×,-
芸人,ピン,村越周司,ムラコシシュウジ,m u r a k o sh i sh u u j i,×,-
芸人,ピン,烏川耕一,カラスガワコウイチ,k a r a s u g a w a k o u i ch i,×,-
芸人,ピン,小籔千豊,ショウソウカズトヨ,sh o u s o u k a z u t o y o,×,-
芸人,ピン,陣内智則,ジンナイトモノリ,j i n n a i t o m o n o r i,×,-
芸人,ピン,鈴木つかさ,スズキツカサ,s u z u k i ts u k a s a,×,-
芸人,ピン,たいぞう,タイゾウ,t a i z o u,×,-
芸人,ピン,土肥ポン太,トイポンタ,t o i p o n t a,×,-
芸人,ピン,本田みずほ,ホンダミズホ,h o n d a m i z u h o,×,-
芸人,ピン,杉岡みどり,スギオカミドリ,s u g i o k a m i d o r i,×,-
芸人,コンビ,テンダラー,テンダラー,t e n d a r a a,×,-
芸人,コンビ,DonDokoDon,ドンドコドン,d o n d o k o d o n,×,-
芸人,コンビ,ペナルティ,ペナルティ,p e n a r u t i,×,-
芸人,コンビ,野性爆弾,ヤセイバクダン,y a s e i b a k u d a n,×,-
芸人,コンビ,シャンプーハット,シャンプーハット,sh a n p u u h a t t o,×,-
芸人,コンビ,ガレッジセール,ガレッジセール,g a r e j j i s e e r u,×,-
芸人,コンビ,品川庄司,シナガワショウジ,sh i n a g a w a sh o u j i,×,-
芸人,コンビ,ルート33,ルート,r u u t o,×,-
芸人,コンビ,東京ダイナマイト,トウキョウダイナマイト,t o u k y o u d a i n a m a i t o,×,-
芸人,コンビ,どりあんず,ドリアンズ,d o r i a n z u,×,-
芸人,コンビ,パタパタママ,パタパタママ,p a t a p a t a m a m a,×,-
芸人,コンビ,ライセンス,ライセンス,r a i s e n s u,×,-
芸人,コンビ,ロザン,ロザン,r o z a n,×,-
芸人,コンビ,ニューカリカ,ニューカリカ,n y u u k a r i k a,×,-
芸人,コンビ,トータルテンボス,トータルテンボス,t o o t a r u t e n b o s u,×,-
芸人,コンビ,バッドボーイズ,バッドボーイズ,b a d d o b o o i z u,×,-
芸人,コンビ,レイザーラモン,レイザーラモン,r e i z a a r a m o n,×,-
芸人,コンビ,インパルス,インパルス,i n p a r u s u,×,-
芸人,コンビ,烏龍パーク,ウーロンパーク,u u r o n p a a k u,×,-
芸人,コンビ,ガリットチュウ,ガリットチュウ,g a r i t t o ch u u,×,-
芸人,コンビ,ボルサリーノ,ボルサリーノ,b o r u s a r i i n o,×,-
芸人,コンビ,モリマン,モリマン,m o r i m a n,×,-
芸人,ピン,くっきー,クッキー,k u k k i i,×,-
芸人,ピン,じゃぴょん,ジャピョン,j a p y o n,×,-
芸人,ピン,ハローケイスケ,ハローケイスケ,h a r o o k e i s u k e,×,-
芸人,ピン,平畠啓史,ヒラハタケイシ,h i r a h a t a k e i sh i,×,-
芸人,ピン,山口智充,ヤマグチトモミツ,y a m a g u ch i t o m o m i ts u,×,-
芸人,ピン,高井俊彦,タカイトシヒコ,t a k a i t o sh i h i k o,×,-
芸人,ピン,中川貴志,ナカガワキシ,n a k a g a w a k i sh i,×,-
芸人,ピン,ユウキロック,ユウキロック,y u u k i r o k k u,×,-
芸人,ピン,山田スタジアム,ヤマダスタジアム,y a m a d a s u t a j i a m u,×,-
芸人,ピン,吉本峰之,ヨシモトミネユキ,y o sh i m o t o m i n e y u k i,×,-
芸人,ピン,あらきあきゆき,アラキアキユキ,a r a k i a k i y u k i,×,-
芸人,ピン,すっちー,スッチー,s u ch ch i i,×,-
芸人,ピン,タケト,タケト,t a k e t o,×,-
芸人,ピン,Bコース,ビーコース,b i i k o o s u,×,-
芸人,ピン,ハブサービス,ハブサービス,h a b u s a a b i s u,×,-
芸人,ピン,歩子,ホコ,h o k o,×,-
芸人,ピン,まちゃまちゃ,マチャマチャ,m a ch a m a ch a,×,-
芸人,ピン,山本大介,ヤマモトダイスケ,y a m a m o t o d a i s u k e,×,-
芸人,ピン,山本吉貴,ヤマモトヨシタカ,y a m a m o t o y o sh i t a k a,×,-
芸人,ピン,安田善紀,ヤスダヨシノリ,y a s u d a y o sh i n o r i,×,-
芸人,ピン,あべこうじ,アベコウジ,a b e k o u j i,×,-
芸人,ピン,金成公信,カナリキンノブ,k a n a r i k i n n o b u,×,-
芸人,ピン,しんじ,シンジ,sh i n j i,×,-
芸人,ピン,関暁夫,カンアキオ,k a n a k i o,×,-
芸人,ピン,鉄拳,テッケン,t e k k e n,×,-
芸人,ピン,マンボウやしろ,マンボウヤシロ,m a n b o u y a sh i r o,×,-
芸人,ピン,井上マー,イノウエマー,i n o u e m a a,×,-
芸人,ピン,国崎恵美,クニサキエミ,k u n i s a k i e m i,×,-
芸人,コンビ,ザパンチ,ザパンチ,z a p a n ch i,×,-
芸人,コンビ,ツーナッカン,ツーナッカン,ts u u n a k k a n,×,-
芸人,コンビ,ファミリーレストラン,ファミリーレストラン,f a m i r i i r e s u t o r a n,×,-
芸人,コンビ,ブラックマヨネーズ,ブラックマヨネーズ,b u r a k k u m a y o n e e z u,×,-
芸人,コンビ,POISON GIRL BAND,ポイズンガールバンド,p o i z u n g a a r u b a n d o,×,-
芸人,コンビ,レギュラー,レギュラー,r e g y u r a a,×,-
芸人,コンビ,チュートリアル,チュートリアル,ch u u t o r i a r u,×,-
芸人,コンビ,サカイスト,サカイスト,s a k a i s u t o,×,-
芸人,コンビ,オレンジ,オレンジ,o r e n j i,×,-
芸人,コンビ,麒麟,キリン,k i r i n,×,-
芸人,コンビ,チャドマレーン,チャドマレーン,ch a d o m a r e e n,×,-
芸人,コンビ,チョップリン,チョップリン,ch o p p u r i n,×,-
芸人,コンビ,天津,テンシン,t e n sh i n,×,-
芸人,コンビ,5GAP,ゴギャップ,g o g y a p p u,×,-
芸人,コンビ,フットボールアワー,フットボールアワー,f u t t o b o o r u a w a a,×,-
芸人,コンビ,げんきーず,ゲンキーズ,g e n k i i z u,×,-
芸人,コンビ,すずらん,スズラン,s u z u r a n,×,-
芸人,コンビ,ダイアン,ダイアン,d a i a n,×,-
芸人,コンビ,千鳥,チドリ,ch i d o r i,×,-
芸人,コンビ,NON STYLE,ノンスタイル,n o n s u t a i r u,×,-
芸人,コンビ,ブロードキャスト,ブロードキャスト,b u r o o d o k y a s u t o,×,-
芸人,コンビ,平成ノブシコブシ,ヘイセイノブシコブシ,h e i s e i n o b u sh i k o b u sh i,×,-
芸人,コンビ,ヘッドライト,ヘッドライト,h e d d o r a i t o,×,-
芸人,コンビ,ミサイルマン,ミサイルマン,m i s a i r u m a n,×,-
芸人,コンビ,笑い飯,ワライメシ,w a r a i m e sh i,×,-
芸人,コンビ,ピクニック,ピクニック,p i k u n i k k u,×,-
芸人,トリオ,森三中,モリサンチュウ,m o r i s a n ch u u,×,-
芸人,トリオ,ロバート,ロバート,r o b a a t o,×,-
芸人,コンビ,姉様キングス,ネエサマキングス,n e e s a m a k i n g u s u,×,-
芸人,コンビ,辻イトまがる,ツジイトマガル,ts u j i i t o m a g a r u,×,-
芸人,ピン,キートン,キートン,k i i t o n,×,-
芸人,ピン,くまだまさし,クマダマサシ,k u m a d a m a s a sh i,×,-
芸人,ピン,佐久間一行,サクマイチギョウ,s a k u m a i ch i g y o u,×,-
芸人,ピン,清水けんじ,シミズケンジ,sh i m i z u k e n j i,×,-
芸人,ピン,椿鬼奴,ツバキキナ,ts u b a k i k i n a,×,-
芸人,ピン,永井佑一郎,ナガイユウイチロウ,n a g a i y u u i ch i r o u,×,-
芸人,ピン,おしみんまる,オシミンマル,o sh i m i n m a r u,×,-
芸人,ピン,メグちゃん,メグチャン,m e g u ch a n,×,-
芸人,ピン,大西ライオン,オオニシライオン,o o n i sh i r a i o n,×,-
芸人,ピン,オコチャ,オコチャ,o k o ch a,×,-
芸人,ピン,キシモトマイ,キシモトマイ,k i sh i m o t o m a i,×,-
芸人,ピン,ガリガリガリクソン,ガリガリガリクソン,g a r i g a r i g a r i k u s o n,×,-
芸人,ピン,とにかく明るい安村,トニカクアカルイヤスムラ,t o n i k a k u a k a r u i y a s u m u r a,×,-
芸人,ピン,ペレ草田,ペレクサダ,p e r e k u s a d a,×,-
芸人,ピン,又吉直樹,マタキチナオキ,m a t a k i ch i n a o k i,×,-
芸人,ピン,ムーディ勝山,ムーディカツヤマ,m u u d i k a ts u y a m a,×,-
芸人,ピン,だいたひかる,ダイタヒカル,d a i t a h i k a r u,×,-
芸人,ピン,なかのよいこ,ナカノヨイコ,n a k a n o y o i k o,×,-
芸人,ピン,とくこ,トクコ,t o k u k o,×,-
芸人,ピン,まつトミ,マツトミ,m a ts u t o m i,×,-
芸人,コンビ,ラフコントロール,ラフコントロール,r a f u k o n t o r o o r u,×,-
芸人,コンビ,イシバシハザマ,イシバシハザマ,i sh i b a sh i h a z a m a,×,-
芸人,コンビ,キャベツ確認中,キャベツカクニンナカ,k y a b e ts u k a k u n i n n a k a,×,-
芸人,コンビ,ケツカッチン,ケツカッチン,k e ts u k a ch ch i n,×,-
芸人,コンビ,ジンギスキャン,ジンギスキャン,j i n g i s u k y a n,×,-
芸人,コンビ,ソラシド,ソラシド,s o r a sh i d o,×,-
芸人,コンビ,ハイキングウォーキング,ハイキングウォーキング,h a i k i n g u w o o k i n g u,×,-
芸人,コンビ,パンクブーブー,パンクブーブー,p a n k u b u u b u u,×,-
芸人,コンビ,ビコーン,ビコーン,b i k o o n,×,-
芸人,コンビ,ボーイフレンド,ボーイフレンド,b o o i f u r e n d o,×,-
芸人,コンビ,ゴールドハンマー,ゴールドハンマー,g o o r u d o h a n m a a,×,-
芸人,コンビ,LLR,エルエルアール,e r u e r u a a r u,×,-
芸人,コンビ,とろサーモン,トロサーモン,t o r o s a a m o n,×,-
芸人,コンビ,アンダーポイント,アンダーポイント,a n d a a p o i n t o,×,-
芸人,コンビ,オオカミ少年,オオカミショウネン,o o k a m i sh o u n e n,×,-
芸人,コンビ,こりゃめでてーな,コリャメデテーナ,k o r y a m e d e t e e n a,×,-
芸人,コンビ,しずる,シズル,sh i z u r u,×,-
芸人,コンビ,ジャルジャル,ジャルジャル,j a r u j a r u,×,-
芸人,コンビ,ジョイマン,ジョイマン,j o i m a n,×,-
芸人,コンビ,セブンbyセブン,セブンセブン,s e b u n s e b u n,×,-
芸人,コンビ,BAN BAN BAN,バンバンバン,b a n b a n b a n,×,-
芸人,コンビ,ピース,ピース,p i i s u,×,-
芸人,コンビ,フロントライン,フロントライン,f u r o n t o r a i n,×,-
芸人,コンビ,ぶんぶんボウル,ブンブンボウル,b u n b u n b o u r u,×,-
芸人,コンビ,ライス,ライス,r a i s u,×,-
芸人,コンビ,レアレア,レアレア,r e a r e a,×,-
芸人,コンビ,かつみさゆり,カツミサユリ,k a ts u m i s a y u r i,×,-
芸人,コンビ,南海キャンディーズ,ナンカイキャンディーズ,n a n k a i k y a n d i i z u,×,-
芸人,コンビ,ビタミンS,ビタミン,b i t a m i n,×,-
芸人,コンビ,おしどり,オシドリ,o sh i d o r i,×,-
芸人,コンビ,さゆみひかり,サユミヒカリ,s a y u m i h i k a r i,×,-
芸人,コンビ,アジアン,アジアン,a j i a n,×,-
芸人,ピン,ひのひかり智,ヒノヒカリサトル,h i n o h i k a r i s a t o r u,×,-
芸人,ピン,それいけ斉藤くん,ソレイケサイトウクン,s o r e i k e s a i t o u k u n,×,-
芸人,ピン,今別府直之,イマベップナオユキ,i m a b e p p u n a o y u k i,×,-
芸人,ピン,三瓶,サンベ,s a n b e,×,-
芸人,ピン,ネゴシックス,ネゴシックス,n e g o sh i k k u s u,×,-
芸人,ピン,平山昌雄,ヒラヤママサオ,h i r a y a m a m a s a o,×,-
芸人,ピン,もう中学生,モウチュウガクセイ,m o u ch u u g a k u s e i,×,-
芸人,ピン,中山功太,ナカヤマコウタ,n a k a y a m a k o u t a,×,-
芸人,ピン,三浦マイルド,ミウラマイルド,m i u r a m a i r u d o,×,-
芸人,ピン,吉富Aボタン,ヨシトミボタン,y o sh i t o m i b o t a n,×,-
芸人,ピン,ですよ,デスヨ,d e s u y o,×,-
芸人,ピン,ヒューマン中村,ヒューマンナカムラ,h y u u m a n n a k a m u r a,×,-
芸人,ピン,南出一葉,ミナミデイチヨウ,m i n a m i d e i ch i y o u,×,-
芸人,ピン,もりやすバンバンビガロ,モリヤスバンバンビガロ,m o r i y a s u b a n b a n b i g a r o,×,-
芸人,ピン,守谷日和,モリヤヒヨリ,m o r i y a h i y o r i,×,-
芸人,ピン,安井まさじ,ヤスイマサジ,y a s u i m a s a j i,×,-
芸人,ピン,宇都宮まき,ウツノミヤマキ,u ts u n o m i y a m a k i,×,-
芸人,グループ,ザプラン９,ザプランナイン,z a p u r a n n a i n,×,-
芸人,ピン,ランス39号,ランスサンジュウキュウゴウ,r a n s u s a n j u u k y u u g o u,×,-
芸人,ピン,若井おさむ,ワカイオサム,w a k a i o s a m u,×,-
芸人,ピン,大脇拓平,オオワキタクタイラ,o o w a k i t a k u t a i r a,×,-
芸人,ピン,岡部,オカベ,o k a b e,×,-
芸人,ピン,バイク川崎バイク,バイクカワサキバイク,b a i k u k a w a s a k i b a i k u,×,-
芸人,ピン,みのるチャチャチャ,ミノルチャチャチャ,m i n o r u ch a ch a ch a,×,-
芸人,ピン,諸見里大介,モロミザトダイスケ,m o r o m i z a t o d a i s u k e,×,-
芸人,ピン,やまか,ヤマカ,y a m a k a,×,-
芸人,ピン,暗黒天使,アンコクテンシ,a n k o k u t e n sh i,×,-
芸人,ピン,太田芳伸,オオタヨシノブ,o o t a y o sh i n o b u,×,-
芸人,ピン,GO皆川,ミナガワ,m i n a g a w a,×,-
芸人,ピン,佐藤太一郎,サトウタイチロウ,s a t o u t a i ch i r o u,×,-
芸人,ピン,バンジー陳,バンジーチン,b a n j i i ch i n,×,-
芸人,ピン,ぴっかり高木,ピッカリタカギ,p i k k a r i t a k a g i,×,-
芸人,ピン,吉田裕,ヨシダヒロシ,y o sh i d a h i r o sh i,×,-
芸人,ピン,出雲阿国,イズモオクニ,i z u m o o k u n i,×,-
芸人,ピン,ツジカオルコ,ツジカオルコ,ts u j i k a o r u k o,×,-
芸人,ピン,上村愛,カミムラアイ,k a m i m u r a a i,×,-
芸人,ピン,いがわゆり蚊,イガワユリカ,i g a w a y u r i k a,×,-
芸人,コンビ,スマイル,スマイル,s u m a i r u,×,-
芸人,コンビ,もっこすファイヤー,モッコスファイヤー,m o k k o s u f a i y a a,×,-
芸人,コンビ,ギャロップ,ギャロップ,g y a r o p p u,×,-
芸人,コンビ,スーパーマラドーナ,スーパーマラドーナ,s u u p a a m a r a d o o n a,×,-
芸人,コンビ,囲碁将棋,イゴショウギ,i g o sh o u g i,×,-
芸人,コンビ,オスペンギン,オスペンギン,o s u p e n g i n,×,-
芸人,コンビ,かまいたち,カマイタチ,k a m a i t a ch i,×,-
芸人,コンビ,キャッチ,キャッチ,k y a ch ch i,×,-
芸人,コンビ,天狗,テング,t e n g u,×,-
芸人,コンビ,バクコメ,バクコメ,b a k u k o m e,×,-
芸人,コンビ,はんにゃ,ハンニャ,h a n n y a,×,-
芸人,コンビ,フルーツポンチ,フルーツポンチ,f u r u u ts u p o n ch i,×,-
芸人,コンビ,クロスバー直撃,クロスバーチョクゲキ,k u r o s u b a a ch o k u g e k i,×,-
芸人,コンビ,ガリバートンネル,ガリバートンネル,g a r i b a a t o n n e r u,×,-
芸人,コンビ,スリムクラブ,スリムクラブ,s u r i m u k u r a b u,×,-
芸人,コンビ,タナからイケダ,タナカライケダ,t a n a k a r a i k e d a,×,-
芸人,コンビ,トレンディエンジェル,トレンディエンジェル,t o r e n d i e n j i e r u,×,-
芸人,コンビ,藤崎マーケット,フジサキマーケット,f u j i s a k i m a a k e t t o,×,-
芸人,コンビ,蓮華,レンゲ,r e n g e,×,-
芸人,コンビ,インポッシブル,インポッシブル,i n p o sh sh i b u r u,×,-
芸人,コンビ,銀シャリ,ギンシャリ,g i n sh a r i,×,-
芸人,コンビ,ガクテンソク,ガクテンソク,g a k u t e n s o k u,×,-
芸人,コンビ,アンカンミンカン,アンカンミンカン,a n k a n m i n k a n,×,-
芸人,コンビ,快盗スズメ,カイトウスズメ,k a i t o u s u z u m e,×,-
芸人,コンビ,少年少女,ショウネンショウジョ,sh o u n e n sh o u j o,×,-
芸人,コンビ,Dr.ハインリッヒ,ドクターハインリッヒ,d o k u t a a h a i n r i h h i,×,-
芸人,コンビ,パン,パン,p a n,×,-
芸人,コンビ,女と男,オンナトオトコ,o n n a t o o t o k o,×,-
芸人,コンビ,ジェリービーンズコレクション,ジェリービーンズコレクション,j i e r i i b i i n z u k o r e k u sh o n,×,-
芸人,トリオ,グランジ,グランジ,g u r a n j i,×,-
芸人,コンビ,金属バット,キンゾクバット,k i n z o k u b a t t o,×,-
芸人,コンビ,こてつ,コテツ,k o t e ts u,×,-
芸人,コンビ,シソンヌ,シソンヌ,sh i s o n n u,×,-
芸人,コンビ,ストロベビー,ストロベビー,s u t o r o b e b i i,×,-
芸人,コンビ,タモンズ,タモンズ,t a m o n z u,×,-
芸人,コンビ,チョコレートプラネット,チョコレートプラネット,ch o k o r e e t o p u r a n e t t o,×,-
芸人,コンビ,初恋タロー,ハツコイタロー,h a ts u k o i t a r o o,×,-
芸人,コンビ,ぺんぎんナッツ,ペンギンナッツ,p e n g i n n a ts ts u,×,-
芸人,コンビ,ものいい,モノイイ,m o n o i i,×,-
芸人,コンビ,ラフ次元,ラフジゲン,r a f u j i g e n,×,-
芸人,コンビ,わんだーらんど,ワンダーランド,w a n d a a r a n d o,×,-
芸人,コンビ,GAG,ガグ,g a g u,×,-
芸人,コンビ,メンバー,メンバー,m e n b a a,×,-
芸人,コンビ,アイロンヘッド,アイロンヘッド,a i r o n h e d d o,×,-
芸人,コンビ,アンダーエイジ,アンダーエイジ,a n d a a e i j i,×,-
芸人,コンビ,キンチャク,キンチャク,k i n ch a k u,×,-
芸人,コンビ,魂の巾着,タマシイノキンチャク,t a m a sh i i n o k i n ch a k u,×,-
芸人,コンビ,マヂカルラブリー,マヂカルラブリー,m a j i k a r u r a b u r i i,×,-
芸人,コンビ,ミルクボーイ,ミルクボーイ,m i r u k u b o o i,×,-
芸人,コンビ,モンスターエンジン,モンスターエンジン,m o n s u t a a e n j i n,×,-
芸人,コンビ,十手リンジン,ジュッテリンジン,j u t t e r i n j i n,×,-
芸人,コンビ,見取り図,ミトリリズ,m i t o r i r i z u,×,-
芸人,コンビ,ザワールド,ザワールド,z a w a a r u d o,×,-
芸人,コンビ,吉田たち,ヨシダタチ,y o sh i d a t a ch i,×,-
芸人,コンビ,ダブルアート,ダブルアート,d a b u r u a a t o,×,-
芸人,コンビ,ツートライブ,ツートライブ,ts u u t o r a i b u,×,-
芸人,コンビ,てんしとあくま,テンシトアクマ,t e n sh i t o a k u m a,×,-
芸人,コンビ,ニンゲン,ニンゲン,n i n g e n,×,-
芸人,コンビ,野良レンジャー,ノラレンジャー,n o r a r e n j a a,×,-
芸人,コンビ,ヘンダーソン,ヘンダーソン,h e n d a a s o n,×,-
芸人,トリオ,初恋クロマニヨン,ハツコイクロマニヨン,h a ts u k o i k u r o m a n i y o n,×,-
芸人,トリオ,ジャングルポケット,ジャングルポケット,j a n g u r u p o k e t t o,×,-
芸人,トリオ,アフロtheゴールドwithシスターズ,アフロゴールドシスターズ,a f u r o g o o r u d o sh i s u t a a z u,×,-
芸人,ピン,R藤本,アールフジモト,a a r u f u j i m o t o,×,-
芸人,ピン,上原チョー,ウエハラチョー,u e h a r a ch o o,×,-
芸人,ピン,松橋周太呂,マツハシシュウタロ,m a ts u h a sh i sh u u t a r o,×,-
芸人,ピン,イチキップリン,イチキップリン,i ch i k i p p u r i n,×,-
芸人,ピン,エハラマサヒロ,エハラマサヒロ,e h a r a m a s a h i r o,×,-
芸人,ピン,小森園ひろし,コモリソノヒロシ,k o m o r i s o n o h i r o sh i,×,-
芸人,ピン,斉藤紳士,サイトウシンシ,s a i t o u sh i n sh i,×,-
芸人,ピン,酒井藍,サカイアイ,s a k a i a i,×,-
芸人,ピン,たかくら引越センター,タカクラヒッコシセンター,t a k a k u r a h i k k o sh i s e n t a a,×,-
芸人,ピン,姫ちゃん,ヒメチャン,h i m e ch a n,×,-
芸人,ピン,渡辺直美,ワタナベナオミ,w a t a n a b e n a o m i,×,-
芸人,ピン,エドはるみ,エドハルミ,e d o h a r u m i,×,-
芸人,ピン,安田由紀奈,ヤスダユキナ,y a s u d a y u k i n a,×,-
芸人,コンビ,山口ふく太郎ふく子,ヤマグチフクタロウフクコ,y a m a g u ch i f u k u t a r o u f u k u k o,×,-
芸人,コンビ,カイドキッ,カイドキッ,k a i d o k i,×,-
芸人,コンビ,スパイク,スパイク,s u p a i k u,×,-
芸人,コンビ,ジェラードン,ジェラードン,j i e r a a d o n,×,-
芸人,コンビ,ありがとう,アリガトウ,a r i g a t o u,×,-
芸人,コンビ,2700,ニセンナナヒャク,n i s e n n a n a h y a k u,×,-
芸人,コンビ,バンビーノ,バンビーノ,b a n b i i n o,×,-
芸人,コンビ,ステーキハウス,ステーキハウス,s u t e e k i h a u s u,×,-
芸人,コンビ,ダブルウィッシュ,ダブルウィッシュ,d a b u r u w i sh sh u,×,-
芸人,コンビ,トッカグン,トッカグン,t o k k a g u n,×,-
芸人,コンビ,祇園,ギオン,g i o n,×,-
芸人,コンビ,ウーマンラッシュアワー,ウーマンラッシュアワー,u u m a n r a sh sh u a w a a,×,-
芸人,コンビ,ななまがり,ナナマガリ,n a n a m a g a r i,×,-
芸人,コンビ,ちょんまげラーメン,チョンマゲラーメン,ch o n m a g e r a a m e n,×,-
芸人,コンビ,うるとらブギーズ,ウルトラブギーズ,u r u t o r a b u g i i z u,×,-
芸人,コンビ,ABCDE湯かげん,エービーシーディーイーユカゲン,e e b i i sh i i d i i i i y u k a g e n,×,-
芸人,コンビ,カゲヤマ,カゲヤマ,k a g e y a m a,×,-
芸人,コンビ,スカチャン,スカチャン,s u k a ch a n,×,-
芸人,コンビ,セルライトスパ,セルライトスパ,s e r u r a i t o s u p a,×,-
芸人,コンビ,ダイタク,ダイタク,d a i t a k u,×,-
芸人,コンビ,デルマパンゲ,デルマパンゲ,d e r u m a p a n g e,×,-
芸人,コンビ,トット,トット,t o t t o,×,-
芸人,コンビ,ほのまる,ホノマル,h o n o m a r u,×,-
芸人,コンビ,ぼよんぼよん,ボヨンボヨン,b o y o n b o y o n,×,-
芸人,コンビ,マテンロウ,マテンロウ,m a t e n r o u,×,-
芸人,コンビ,漫才少爺,マンザイショウジイ,m a n z a i sh o u j i i,×,-
芸人,コンビ,おかずクラブ,オカズクラブ,o k a z u k u r a b u,×,-
芸人,コンビ,牛ペペ,ウシペペ,u sh i p e p e,×,-
芸人,コンビ,きっと君はくるさ,キットクンハクルサ,k i t t o k u n h a k u r u s a,×,-
芸人,コンビ,ロングコートダディ,ロングコートダディ,r o n g u k o o t o d a d i,×,-
芸人,トリオ,パンサー,パンサー,p a n s a a,×,-
芸人,ピン,小川恵夢,オガワメグミユメ,o g a w a m e g u m i y u m e,×,-
芸人,ピン,三本スゲユウタ,サンボンスゲユウタ,s a n b o n s u g e y u u t a,×,-
芸人,ピン,スタジオカドタ,スタジオカドタ,s u t a j i o k a d o t a,×,-
芸人,ピン,タカタ先生,タカタセンセイ,t a k a t a s e n s e i,×,-
芸人,ピン,ツクロークン,ツクロークン,ts u k u r o o k u n,×,-
芸人,ピン,光永,ミツナガ,m i ts u n a g a,×,-
芸人,ピン,まる子,マルコ,m a r u k o,×,-
芸人,ピン,やまだひろあき,ヤマダヒロアキ,y a m a d a h i r o a k i,×,-
芸人,ピン,ガオーちゃん,ガオーチャン,g a o o ch a n,×,-
芸人,ピン,こやつタイム,コヤツタイム,k o y a ts u t a i m u,×,-
芸人,ピン,あいすけ,アイスケ,a i s u k e,×,-
芸人,ピン,アンチエイジ徳泉,アンチエイジトクイズミ,a n ch i e i j i t o k u i z u m i,×,-
芸人,ピン,石原ヨシオカ,イシハラヨシオカ,i sh i h a r a y o sh i o k a,×,-
芸人,ピン,井上虫歯二本,イノウエムシバニホン,i n o u e m u sh i b a n i h o n,×,-
芸人,ピン,うをとも,ウヲトモ,u o t o m o,×,-
芸人,ピン,奥村隼也,オクムラシュンヤ,o k u m u r a sh u n y a,×,-
芸人,ピン,黒ラブ教授,クロラブキョウジュ,k u r o r a b u k y o u j u,×,-
芸人,ピン,桜 稲垣早希,サクライナガキサキ,s a k u r a i n a g a k i s a k i,×,-
芸人,ピン,なめたらいかんぜよMARI,ナメタライカンゼヨ,n a m e t a r a i k a n z e y o,×,-
芸人,ピン,ひーちゃん,ヒーチャン,h i i ch a n,×,-
芸人,ピン,横澤夏子,ヨコザワナツコ,y o k o z a w a n a ts u k o,×,-
芸人,コンビ,嫁恐竜,ヨメキョウリュウ,y o m e k y o u r y u u,×,-
芸人,コンビ,山が動く,ヤマガウゴク,y a m a g a u g o k u,×,-
芸人,コンビ,アインシュタイン,アインシュタイン,a i n sh u t a i n,×,-
芸人,コンビ,いぬ,イヌ,i n u,×,-
芸人,コンビ,鬼越トマホーク,オニゴリトマホーク,o n i g o r i t o m a h o o k u,×,-
芸人,コンビ,オリオンリーグ,オリオンリーグ,o r i o n r i i g u,×,-
芸人,コンビ,シマッシュレコード,シマッシュレコード,sh i m a sh sh u r e k o o d o,×,-
芸人,コンビ,スクールゾーン,スクールゾーン,s u k u u r u z o o n,×,-
芸人,コンビ,ダンビラムーチョ,ダンビラムーチョ,d a n b i r a m u u ch o,×,-
芸人,コンビ,デニス,デニス,d e n i s u,×,-
芸人,コンビ,ニューヨーク,ニューヨーク,n y u u y o o k u,×,-
芸人,コンビ,マニッシュガーリー,マニッシュガーリー,m a n i sh sh u g a a r i i,×,-
芸人,コンビ,パピヨン,パピヨン,p a p i y o n,×,-
芸人,コンビ,パーティーパーティー,パーティーパーティー,p a a t i i p a a t i i,×,-
芸人,コンビ,武者武者,ムシャムシャ,m u sh a m u sh a,×,-
芸人,コンビ,ランパンプス,ランパンプス,r a n p a n p u s u,×,-
芸人,コンビ,メガモッツ,メガモッツ,m e g a m o ts ts u,×,-
芸人,コンビ,黒帯,クロオビ,k u r o o b i,×,-
芸人,コンビ,カラタチ,カラタチ,k a r a t a ch i,×,-
芸人,コンビ,サンシャイン,サンシャイン,s a n sh a i n,×,-
芸人,コンビ,霜降り明星,シモフリミョウジョウ,sh i m o f u r i m y o u j o u,×,-
芸人,コンビ,しゃかりき,シャカリキ,sh a k a r i k i,×,-
芸人,コンビ,男性ブランコ,ダンセイブランコ,d a n s e i b u r a n k o,×,-
芸人,コンビ,ネイビーズアフロ,ネイビーズアフロ,n e i b i i z u a f u r o,×,-
芸人,コンビ,ビスケットブラザーズ,ビスケットブラザーズ,b i s u k e t t o b u r a z a a z u,×,-
芸人,コンビ,マユリカ,マユリカ,m a y u r i k a,×,-
芸人,コンビ,メタルラック,メタルラック,m e t a r u r a k k u,×,-
芸人,コンビ,やさしいズ,ヤサシイズ,y a s a sh i i z u,×,-
芸人,コンビ,すゑひろがりず,スヱヒロガリズ,s u h i r o g a r i z u,×,-
芸人,コンビ,崋山,カザン,k a z a n,×,-
芸人,コンビ,アキナ,アキナ,a k i n a,×,-
芸人,コンビ,ガーリィレコード,ガーリィレコード,g a a r i i r e k o o d o,×,-
芸人,トリオ,ネルソンズ,ネルソンズ,n e r u s o n z u,×,-
芸人,トリオ,MIRACLE MANIAC,ミラクルマニアック,m i r a k u r u m a n i a k k u,×,-
芸人,コンビ,蛙亭,カエルテイ,k a e r u t e i,×,-
芸人,ピン,ギンナナ,ギンナナ,g i n n a n a,×,-
芸人,ピン,さんきゅう倉田,サンキュウクラタ,s a n k y u u k u r a t a,×,-
芸人,ピン,三中元克,サンチュウモトカツ,s a n ch u u m o t o k a ts u,×,-
芸人,ピン,TEAM近藤,チームコンドウ,ch i i m u k o n d o u,×,-
芸人,ピン,西村ヒロチョ,ニシムラヒロチョ,n i sh i m u r a h i r o ch o,×,-
芸人,ピン,ゲラゲラ星人,ゲラゲラセイジン,g e r a g e r a s e i j i n,×,-
芸人,ピン,らぶおじさん,ラブオジサン,r a b u o j i s a n,×,-
芸人,ピン,しゅんしゅんクリニックP,シュンシュンクリニック,sh u n sh u n k u r i n i k k u,×,-
芸人,ピン,トニーフランク,トニーフランク,t o n i i f u r a n k u,×,-
芸人,ピン,リロイ太郎,リロイタロウ,r i r o i t a r o u,×,-
芸人,ピン,kento fukaya,ケントフカヤ,k e n t o f u k a y a,×,-
芸人,ピン,舟生侑大,フニュウユウダイ,f u n y u u y u u d a i,×,-
芸人,ピン,鈴川絢子,スズカワジュンコ,s u z u k a w a j u n k o,×,-
芸人,ピン,名輪久美子,メイワクミコ,m e i w a k u m i k o,×,-
芸人,コンビ,空気階段,クウキカイダン,k u u k i k a i d a n,×,-
芸人,コンビ,コットン,コットン,k o t t o n,×,-
芸人,コンビ,コロコロチキチキペッパーズ,コロコロチキチキペッパーズ,k o r o k o r o ch i k i ch i k i p e p p a a z u,×,-
芸人,コンビ,侍スライス,サムライスライス,s a m u r a i s u r a i s u,×,-
芸人,コンビ,バガリア,バガリア,b a g a r i a,×,-
芸人,コンビ,藩飛礼,ハンヒレイ,h a n h i r e i,×,-
芸人,コンビ,ブッダマリア,ブッダマリア,b u d d a m a r i a,×,-
芸人,コンビ,ミキ,ミキ,m i k i,×,-
芸人,コンビ,ラニーノーズ,ラニーノーズ,r a n i i n o o z u,×,-
芸人,コンビ,ワラバランス,ワラバランス,w a r a b a r a n s u,×,-
芸人,コンビ,ぶったま,ブッタマ,b u t t a m a,×,-
芸人,コンビ,スナフキンズ,スナフキンズ,s u n a f u k i n z u,×,-
芸人,コンビ,ガチャガチャ,ガチャガチャ,g a ch a g a ch a,×,-
芸人,コンビ,からし蓮根,カラシレンコン,k a r a sh i r e n k o n,×,-
芸人,コンビ,ギャラクシー,ギャラクシー,g y a r a k u sh i i,×,-
芸人,コンビ,キンボシ,キンボシ,k i n b o sh i,×,-
芸人,コンビ,ナイチンゲールダンス,ナイチンゲールダンス,n a i ch i n g e e r u d a n s u,×,-
芸人,コンビ,ニッポンの社長,ニッポンノシャチョウ,n i p p o n n o sh a ch o u,×,-
芸人,コンビ,マルセイユ,マルセイユ,m a r u s e i y u,×,-
芸人,コンビ,隣人,リンジン,r i n j i n,×,-
芸人,コンビ,軟水,ナンスイ,n a n s u i,×,-
芸人,コンビ,ありんくりん,アリンクリン,a r i n k u r i n,×,-
芸人,コンビ,裏切りマンキーコング,ウラギリマンキーコング,u r a g i r i m a n k i i k o n g u,×,-
芸人,コンビ,オズワルド,オズワルド,o z u w a r u d o,×,-
芸人,コンビ,おたまじゃくし,オタマジャクシ,o t a m a j a k u sh i,×,-
芸人,コンビ,きみどり,キミドリ,k i m i d o r i,×,-
芸人,コンビ,さや香,サヤカオリ,s a y a k a o r i,×,-
芸人,コンビ,素敵じゃないか,ステキジャナイカ,s u t e k i j a n a i k a,×,-
芸人,コンビ,ダブルヒガシ,ダブルヒガシ,d a b u r u h i g a sh i,×,-
芸人,コンビ,チャイルドプリンス,チャイルドプリンス,ch a i r u d o p u r i n s u,×,-
芸人,コンビ,ちゃらん婆,チャランバア,ch a r a n b a a,×,-
芸人,コンビ,ドーナツピーナツ,ドーナツピーナツ,d o o n a ts u p i i n a ts u,×,-
芸人,コンビ,8.6秒バズーカー,ハチテンロクビョウバズーカー,h a ch i t e n r o k u b y o u b a z u u k a a,×,-
芸人,コンビ,プール,プール,p u u r u,×,-
芸人,コンビ,ふらたにてぃ,フラタニティ,f u r a t a n i t i,×,-
芸人,コンビ,丸亀じゃんご,マルガメジャンゴ,m a r u g a m e j a n g o,×,-
芸人,コンビ,ガンバレルーヤ,ガンバレルーヤ,g a n b a r e r u u y a,×,-
芸人,コンビ,オダウエダ,オダウエダ,o d a u e d a,×,-
芸人,コンビ,紅しょうが,クレナイショウガ,k u r e n a i sh o u g a,×,-
芸人,コンビ,相席スタート,アイセキスタート,a i s e k i s u t a a t o,×,-
芸人,コンビ,ゆにばーす,ユニバース,y u n i b a a s u,×,-
芸人,コンビ,おとんがポックリ残されたうちら,オトンガポックリノコサレタウチラ,o t o n g a p o k k u r i n o k o s a r e t a u ch i r a,×,-
芸人,ピン,スパイシー坊や,スパイシーボウヤ,s u p a i sh i i b o u y a,×,-
芸人,ピン,ひょっこりはん,ヒョッコリハン,h y o k k o r i h a n,×,-
芸人,ピン,おばたのお兄さん,オバタノオニイサン,o b a t a n o o n i i s a n,×,-
芸人,ピン,濱田祐太郎,ハマダユウタロウ,h a m a d a y u u t a r o u,×,-
芸人,ピン,高関優,タカゼキユウ,t a k a z e k i y u u,×,-
芸人,ピン,田津原理音,タツハラリオ,t a ts u h a r a r i o,×,-
芸人,ピン,ゆりやんレトリィバァ,ユリヤンレトリィバァ,y u r i y a n r e t o r i i b a a,×,-
芸人,コンビ,ドラゴゲリオンZ,ドラゴゲリオン,d o r a g o g e r i o n,×,-
芸人,トリオ,戦士,センシ,s e n sh i,×,-
芸人,コンビ,ラビットラ,ラビットラ,r a b i t t o r a,×,-
芸人,ピン,真輝志,マキココロザシ,m a k i k o k o r o z a sh i,×,-
芸人,コンビ,黄昏の森,タソガレノモリ,t a s o g a r e n o m o r i,×,-
芸人,ピン,下川24時,シモカワニジュウヨジ,sh i m o k a w a n i j u u y o j i,×,-
芸人,コンビ,ブラゴーリ,ブラゴーリ,b u r a g o o r i,×,-
芸人,コンビ,カベポスター,カベポスター,k a b e p o s u t a a,×,-
芸人,コンビ,THE GREATEST HITS,ザグレイテストヒッツ,z a g u r e i t e s u t o h i ts ts u,×,-
芸人,コンビ,そいつどいつ,ソイツドイツ,s o i ts u d o i ts u,×,-
芸人,コンビ,大自然,ダイシゼン,d a i sh i z e n,×,-
芸人,コンビ,ブルーレディ,ブルーレディ,b u r u u r e d i,×,-
芸人,コンビ,令和ロマン,レイワロマン,r e i w a r o m a n,×,-
芸人,コンビ,翠星チークダンス,スイセイチークダンス,s u i s e i ch i i k u d a n s u,×,-
芸人,トリオ,エスファイブ,エスファイブ,e s u f a i b u,×,-
芸人,コンビ,シンレンサイ,シンレンサイ,sh i n r e n s a i,×,-
芸人,コンビ,ラブゴーリ,ラブゴーリ,r a b u g o o r i,×,-
芸人,コンビ,生ファラオ,ナマファラオ,n a m a f a r a o,×,-
芸人,コンビ,アメリカンbbチキン,アメリカンチキン,a m e r i k a n ch i k i n,×,-
芸人,コンビ,キングブルブリン,キングブルブリン,k i n g u b u r u b u r i n,×,-
芸人,コンビ,放課後ハートビート,ホウカゴハートビート,h o u k a g o h a a t o b i i t o,×,-
芸人,コンビ,アンドロイド,アンドロイド,a n d o r o i d o,×,-
芸人,コンビ,おともだち,オトモダチ,o t o m o d a ch i,×,-
芸人,コンビ,きんめ鯛,キンメタイ,k i n m e t a i,×,-
芸人,コンビ,高校ズ,コウコウズ,k o u k o u z u,×,-
芸人,コンビ,サルゴリラ,サルゴリラ,s a r u g o r i r a,×,-
芸人,コンビ,職人,ショクニン,sh o k u n i n,×,-
芸人,コンビ,滝音,タキオト,t a k i o t o,×,-
芸人,コンビ,たくろう,タクロウ,t a k u r o u,×,-
芸人,コンビ,つちふまズ,ツチフマズ,ts u ch i f u m a z u,×,-
芸人,コンビ,フースーヤ,フースーヤ,f u u s u u y a,×,-
芸人,コンビ,バリカタ友情飯,バリカタユウジョウメシ,b a r i k a t a y u u j o u m e sh i,×,-
芸人,コンビ,エルフ,エルフ,e r u f u,×,-
芸人,コンビ,天才ピアニスト,テンサイピアニスト,t e n s a i p i a n i s u t o,×,-
芸人,コンビ,世間知らズ,セケンシラズ,s e k e n sh i r a z u,×,-
芸人,コンビ,カスターニャtantan,カスターニャ,k a s u t a a n y a,×,-
芸人,コンビ,夫婦のじかん,フウフノジカン,f u u f u n o j i k a n,×,-
芸人,トリオ,オフローズ,オフローズ,o f u r o o z u,×,-
芸人,コンビ,エバース,エバース,e b a a s u,×,-
芸人,コンビ,めぞん,メゾン,m e z o n,×,-
芸人,トリオ,スクラップス,スクラップス,s u k u r a p p u s u,×,-
芸人,コンビ,マリーマリー,マリーマリー,m a r i i m a r i i,×,-
芸人,コンビ,ゆかいな議事録,ユカイナギジロク,y u k a i n a g i j i r o k u,×,-
芸人,コンビ,とんぺてぃーず,トンペティーズ,t o n p e t i i z u,×,-
芸人,コンビ,レインボー,レインボー,r e i n b o o,×,-
芸人,トリオ,だんごばーな,ダンゴバーナ,d a n g o b a a n a,×,-
芸人,コンビ,タレンチ,タレンチ,t a r e n ch i,×,-
芸人,コンビ,シカゴ実業,シカゴジツギョウ,sh i k a g o j i ts u g y o u,×,-
芸人,コンビ,コロネケン,コロネケン,k o r o n e k e n,×,-
芸人,コンビ,チェリー大作戦,チェリーダイサクセン,ch i e r i i d a i s a k u s e n,×,-
芸人,コンビ,EXIT,イグジット,i g u j i t t o,×,-
芸人,コンビ,鬼としみちゃむ,オニトシミチャム,o n i t o sh i m i ch a m u,×,-
芸人,コンビ,ナミダバシ,ナミダバシ,n a m i d a b a sh i,×,-
芸人,コンビ,ホープマンズ,ホープマンズ,h o o p u m a n z u,×,-
芸人,コンビ,もも,モモ,m o m o,×,-
芸人,コンビ,セッツァー,セッツァー,s e ts ts u a a,×,-
芸人,コンビ,幸のとり,サチノトリ,s a ch i n o t o r i,×,-
芸人,コンビ,キャタピラーズ,キャタピラーズ,k y a t a p i r a a z u,×,-
芸人,コンビ,ザシーツ,ザシーツ,z a sh i i ts u,×,-
芸人,コンビ,マイスイートメモリーズ,マイスイートメモリーズ,m a i s u i i t o m e m o r i i z u,×,-
芸人,コンビ,バッテリィズ,バッテリィズ,b a t t e r i i z u,×,-
芸人,コンビ,入間国際宣言,イルマコクサイセンゲン,i r u m a k o k u s a i s e n g e n,×,-
芸人,コンビ,くらげ,クラゲ,k u r a g e,×,-
芸人,コンビ,ザローリングモンキー,ザローリングモンキー,z a r o o r i n g u m o n k i i,×,-
芸人,コンビ,シシガシラ,シシガシラ,sh i sh i g a sh i r a,×,-
芸人,コンビ,タイムキーパー,タイムキーパー,t a i m u k i i p a a,×,-
芸人,コンビ,インテイク,インテイク,i n t e i k u,×,-
芸人,コンビ,鉄人小町,テツジンコマチ,t e ts u j i n k o m a ch i,×,-
芸人,コンビ,サンタモニカ,サンタモニカ,s a n t a m o n i k a,×,-
芸人,コンビ,鈍器ノ様ナ者,ドンキノサマナモノ,d o n k i n o s a m a n a m o n o,×,-
芸人,コンビ,センリーズ,センリーズ,s e n r i i z u,×,-
芸人,コンビ,タチマチ,タチマチ,t a ch i m a ch i,×,-
芸人,コンビ,ぎょうぶ,ギョウブ,g y o u b u,×,-
芸人,コンビ,9番街レトロ,キュウバンガイレトロ,k y u u b a n g a i r e t o r o,×,-
芸人,コンビ,金魚番長,キンギョバンチョウ,k i n g y o b a n ch o u,×,-
芸人,コンビ,小虎,ショウコ,sh o u k o,×,-
芸人,コンビ,ゴヤ,ゴヤ,g o y a,×,-
芸人,コンビ,ヒガスミ,ヒガスミ,h i g a s u m i,×,-
芸人,コンビ,ベリーズ,ベリーズ,b e r i i z u,×,-
芸人,コンビ,ファンファーレと熱狂,ファンファーレトネッキョウ,f a n f a a r e t o n e k k y o u,×,-
芸人,コンビ,カイキンショウ,カイキンショウ,k a i k i n sh o u,×,-
芸人,コンビ,豪快キャプテン,ゴウカイキャプテン,g o u k a i k y a p u t e n,×,-
芸人,コンビ,マーメイド,マーメイド,m a a m e i d o,×,-
芸人,コンビ,三遊間,サンユウカン,s a n y u u k a n,×,-
芸人,コンビ,ドンデコルテ,ドンデコルテ,d o n d e k o r u t e,×,-
芸人,コンビ,ぐろう,グロウ,g u r o u,×,-
芸人,コンビ,爛々,ランラン,r a n r a n,×,-
芸人,コンビ,ねこ屋敷,ネコヤシキ,n e k o y a sh i k i,×,-
芸人,コンビ,カーネーション,カーネーション,k a a n e e sh o n,×,-
芸人,コンビ,ふりいくっ,フリイクッ,f u r i i k u,×,-
芸人,コンビ,Everybody,エブリバディ,e b u r i b a d i,×,-
芸人,コンビ,喫茶ムーン,キッサムーン,k i s s a m u u n,×,-
芸人,トリオ,3時のヒロイン,サンジノヒロイン,s a n j i n o h i r o i n,×,-
芸人,トリオ,ピンタンパン,ピンタンパン,p i n t a n p a n,×,-
芸人,トリオ,放課後ボーイズ,ホウカゴボーイズ,h o u k a g o b o o i z u,×,-
芸人,トリオ,イノシカチョウ,イノシカチョウ,i n o sh i k a ch o u,×,-
芸人,ピン,ソマオミートボール,ソマオミートボール,s o m a o m i i t o b o o r u,×,-
芸人,ピン,大石ライアン,オオイシライアン,o o i sh i r a i a n,×,-
芸人,コンビ,イチゴ,イチゴ,i ch i g o,×,-
芸人,ピン,ボブスレー黒岡,ボブスレークロオカ,b o b u s u r e e k u r o o k a,×,-
芸人,コンビ,シスター,シスター,sh i s u t a a,×,-
芸人,ピン,おばあちゃん,オバアチャン,o b a a ch a n,×,-
芸人,コンビ,ゼロカラン,ゼロカラン,z e r o k a r a n,×,-
芸人,コンビ,どんちっち,ドンチッチ,d o n ch i ch ch i,×,-
芸人,ピン,グレン世紀,グレンセイキ,g u r e n s e i k i,×,-
芸人,コンビ,ピュート,ピュート,p y u u t o,×,-
芸人,コンビ,りんご事変,リンゴジヘン,r i n g o j i h e n,×,-
芸人,コンビ,ライムギ,ライムギ,r a i m u g i,×,-
芸人,トリオ,スーパーサイズミー,スーパーサイズミー,s u u p a a s a i z u m i i,×,-
芸人,コンビ,おとうふ,オトウフ,o t o u f u,×,-
芸人,グループ,ぼる塾,ボルジュク,b o r u j u k u,×,-
芸人,コンビ,まちるだ,マチルダ,m a ch i r u d a,×,-
芸人,コンビ,エマジャクソン,エマジャクソン,e m a j a k u s o n,×,-
芸人,コンビ,エレガント人生,エレガントジンセイ,e r e g a n t o j i n s e i,×,-
芸人,コンビ,たまゆら学園,タマユラガクエン,t a m a y u r a g a k u e n,×,-
芸人,ピン,わたるれぼりゅーしょん,ワタルレボリューション,w a t a r u r e b o r y u u sh o n,×,-
芸人,コンビ,ヨネダ2000,ヨネダニセン,y o n e d a n i s e n,×,-
芸人,トリオ,cacao,カカオ,k a k a o,×,-
芸人,コンビ,例えば炎,タトエバホノオ,t a t o e b a h o n o o,×,-
芸人,コンビ,空前メテオ,クウゼンメテオ,k u u z e n m e t e o,×,-
芸人,トリオ,定点計画,テイテンケイカク,t e i t e n k e i k a k u,×,-
芸人,コンビ,マーティー,マーティー,m a a t i i,×,-
芸人,コンビ,タニャロー,タニャロー,t a n y a r o o,×,-
芸人,コンビ,オーサカクレオパトラ,オーサカクレオパトラ,o o s a k a k u r e o p a t o r a,×,-
芸人,コンビ,チャッピー,チャッピー,ch a p p i i,×,-
芸人,ピン,CRAZY COCO,クレイジーココ,k u r e i j i i k o k o,×,-
芸人,トリオ,超速バギー,チョウソクバギー,ch o u s o k u b a g i i,×,-
芸人,トリオ,伝書鳩,デンショバト,d e n sh o b a t o,×,-
芸人,コンビ,ケビンス,ケビンス,k e b i n s u,×,-
芸人,コンビ,ぺ,ペ,p e,×,-
芸人,ピン,やました,ヤマシタ,y a m a sh i t a,×,-
芸人,コンビ,カシスオレンジ,カシスオレンジ,k a sh i s u o r e n j i,×,-
芸人,コンビ,ミカボ,ミカボ,m i k a b o,×,-
芸人,コンビ,ぐりtoとく,グリトク,g u r i t o k u,×,-
芸人,コンビ,テキセツの街,テキセツノマチ,t e k i s e ts u n o m a ch i,×,-
芸人,コンビ,世界クジラ,セカイクジラ,s e k a i k u j i r a,×,-
芸人,コンビ,BPM128,ビーピーエムイチニハチ,b i i p i i e m u i ch i n i h a ch i,×,-
芸人,コンビ,千年ぶり,センネンブリ,s e n n e n b u r i,×,-
芸人,コンビ,文句,モンク,m o n k u,×,-
芸人,コンビ,ジョックロック,ジョックロック,j o k k u r o k k u,×,-
芸人,コンビ,DOG FOOD PARTY,ドッグフードパーティー,d o g g u f u u d o p a a t i i,×,-
芸人,コンビ,ザ布団,ザフトン,z a f u t o n,×,-
芸人,コンビ,ボブのコーラ,ボブノコーラ,b o b u n o k o o r a,×,-
芸人,ピン,いぜん,イゼン,i z e n,×,-
芸人,コンビ,カンフーカンフー,カンフーカンフー,k a n f u u k a n f u u,×,-
芸人,トリオ,生姜猫,ショウガネコ,sh o u g a n e k o,×,-
芸人,コンビ,釈迦虎,シャカトラ,sh a k a t o r a,×,-
芸人,コンビ,シカノシンプ,シカノシンプ,sh i k a n o sh i n p u,×,-
芸人,コンビ,九ノ段,キュウノダン,k y u u n o d a n,×,-
芸人,トリオ,かけおち,カケオチ,k a k e o ch i,×,-
芸人,コンビ,はるかぜに告ぐ,ハルカゼニツグ,h a r u k a z e n i ts u g u,×,-
芸人,コンビ,家族チャーハン,カゾクチャーハン,k a z o k u ch a a h a n,×,-
芸人,コンビ,秘蔵,ヒゾウ,h i z o u,×,-
芸人,コンビ,夜歩き,ヨアルキ,y o a r u k i,×,-
芸人,コンビ,ピノッチオ,ピノッチオ,p i n o ch ch i o,×,-
芸人,コンビ,もしもしコールミーテレフォン,モシモシコールミーテレフォン,m o sh i m o sh i k o o r u m i i t e r e f o n,×,-
芸人,コンビ,シモリュウ,シモリュウ,sh i m o r y u u,×,-
芸人,コンビ,盃モヒート,ハイモヒート,h a i m o h i i t o,×,-
芸人,コンビ,愛凛冴,アイリンコ,a i r i n k o,×,-
芸人,コンビ,なでなでボーイ,ナデナデボーイ,n a d e n a d e b o o i,×,-
芸人,トリオ,アマルフィん,アマルフィン,a m a r u f i n,×,-
芸人,コンビ,ド桜,ドサクラ,d o s a k u r a,×,-
芸人,トリオ,ザンゾウ,ザンゾウ,z a n z o u,×,-
芸人,コンビ,電気ジュース,デンキジュース,d e n k i j u u s u,×,-
芸人,コンビ,パンツ万博,パンツバンパク,p a n ts u b a n p a k u,×,-
芸人,コンビ,大王,ダイオウ,d a i o u,×,-
芸人,コンビ,ただならぬ刀,タダナラヌカタナ,t a d a n a r a n u k a t a n a,×,-
芸人,コンビ,CITY,シティ,sh i t i,×,-
芸人,コンビ,ヤメピ,ヤメピ,y a m e p i,×,-
芸人,コンビ,うずしおパンチ,ウズシオパンチ,u z u sh i o p a n ch i,×,-
芸人,コンビ,エレベーターマンション,エレベーターマンション,e r e b e e t a a m a n sh o n,×,-
芸人,コンビ,座長座長,ザチョウザチョウ,z a ch o u z a ch o u,×,-
芸人,コンビ,座長社長,ザチョウシャチョウ,z a ch o u sh a ch o u,×,-
芸人,コンビ,サヨナラダンス,サヨナラダンス,s a y o n a r a d a n s u,×,-
芸人,コンビ,ジソンシン,ジソンシン,j i s o n sh i n,×,-
芸人,コンビ,Wコミック,ダブルコミック,d a b u r u k o m i k k u,×,-
芸人,コンビ,平和ラッパ日佐丸,ヘイワラッパニチサマル,h e i w a r a p p a n i ch i s a m a r u,×,-
芸人,コンビ,らんちきハイツ,ランチキハイツ,r a n ch i k i h a i ts u,×,-
芸人,コンビ,ロンティーン,ロンティーン,r o n t i i n,×,-
芸人,コンビ,大山姉妹,オオヤマシマイ,o o y a m a sh i m a i,×,-
芸人,コンビ,クルミミルク,クルミミルク,k u r u m i m i r u k u,×,-
芸人,コンビ,スプーン,スプーン,s u p u u n,×,-
芸人,コンビ,轟一蝶美代子,トドロキイッチョウミヨコ,t o d o r o k i i ch ch o u m i y o k o,×,-
芸人,コンビ,宮田洋容布地由起江,ミヤタヒロシヨウヌノジユキエ,m i y a t a h i r o sh i y o u n u n o j i y u k i e,×,-
芸人,コンビ,美山なをみ白川珍児,ミヤマナヲミシラカワチンジ,m i y a m a n a o m i sh i r a k a w a ch i n j i,×,-
芸人,コンビ,もろ多玉枝広多成三郎,モロタタマエコウタシゲゾウロウ,m o r o t a t a m a e k o u t a sh i g e z o u r o u,×,-
芸人,コンビ,桂金吾花園愛子,カツラキンゴハナゾノアイコ,k a ts u r a k i n g o h a n a z o n o a i k o,×,-
芸人,コンビ,立花幸福林美津江,タチバナコウフクハヤシミツエ,t a ch i b a n a k o u f u k u h a y a sh i m i ts u e,×,-
芸人,コンビ,日本チャップリン梅廼家ウグイス,ニッポンチャップリンウメノイエウグイス,n i p p o n ch a p p u r i n u m e n o i e u g u i s u,×,-
芸人,コンビ,柳エンド水町千代子,ヤナギエンドミズマチチヨコ,y a n a g i e n d o m i z u m a ch i ch i y o k o,×,-
芸人,トリオ,エロ三羽烏,エロサンバガラス,e r o s a n b a g a r a s u,×,-
芸人,ピン,あっぱれコイズミ,アッパレコイズミ,a p p a r e k o i z u m i,×,-
芸人,ピン,アンナ,アンナ,a n n a,〇,-
芸人,ピン,いしいそうたろう,イシイソウタロウ,i sh i i s o u t a r o u,×,-
芸人,ピン,大島和久,オオシマカズヒサ,o o sh i m a k a z u h i s a,×,-
芸人,ピン,おにぎり,オニギリ,o n i g i r i,×,-
芸人,ピン,帯谷孝史,オビヤタカシ,o b i y a t a k a sh i,×,-
芸人,ピン,亀子のぶお,カメコノブオ,k a m e k o n o b u o,×,-
芸人,ピン,きどゆういち,キドユウイチ,k i d o y u u i ch i,×,-
芸人,ピン,君波飛鳥,キミナミアスカ,k i m i n a m i a s u k a,×,-
芸人,ピン,くらなり,クラナリ,k u r a n a r i,×,-
芸人,ピン,グリフォン國松,グリフォンクニマツ,g u r i f o n k u n i m a ts u,×,-
芸人,ピン,こっこ,コッコ,k o k k o,×,-
芸人,ピン,ジュゴン,ジュゴン,j u g o n,×,-
芸人,ピン,小米良啓太,コゴメヨシヒロタ,k o g o m e y o sh i h i r o t a,×,-
芸人,ピン,しあつ野郎,シアツヤロウ,sh i a ts u y a r o u,×,-
芸人,ピン,島田まさし,シマダマサシ,sh i m a d a m a s a sh i,×,-
芸人,ピン,シューレスジョー,シューレスジョー,sh u u r e s u j o o,×,-
芸人,ピン,高田課長,タカダカチョウ,t a k a d a k a ch o u,×,-
芸人,ピン,竹内ゆうじ,タケウチユウジ,t a k e u ch i y u u j i,×,-
芸人,ピン,長崎亭キヨちゃんぽん,ナガサキテイキヨチャンポン,n a g a s a k i t e i k i y o ch a n p o n,×,-
芸人,ピン,中西喜美恵,ナカニシキミエ,n a k a n i sh i k i m i e,×,-
芸人,ピン,肉球,ニクキュウ,n i k u k y u u,×,-
芸人,ピン,西川かの子,ニシカワカノコ,n i sh i k a w a k a n o k o,×,-
芸人,ピン,西川忠志,ニシカワタダシ,n i sh i k a w a t a d a sh i,×,-
芸人,ピン,西川ヘレン,ニシカワヘレン,n i sh i k a w a h e r e n,×,-
芸人,ピン,はいじぃ,ハイジィ,h a i j i i,×,-
芸人,ピン,土生智子,ハブトモコ,h a b u t o m o k o,×,-
芸人,ピン,ハロー植田,ハローウエダ,h a r o o u e d a,×,-
芸人,ピン,パンチみつお,パンチミツオ,p a n ch i m i ts u o,×,-
芸人,ピン,ヒッキー北風,ヒッキーキタカゼ,h i k k i i k i t a k a z e,×,-
芸人,ピン,昼メシくん,ヒルメシクン,h i r u m e sh i k u n,×,-
芸人,ピン,前田真希,マエダマキ,m a e d a m a k i,×,-
芸人,ピン,前田まみ,マエダマミ,m a e d a m a m i,×,-
芸人,ピン,松浦景子,マツウラケイコ,m a ts u u r a k e i k o,×,-
芸人,ピン,松下笑一,マツシタワライイチ,m a ts u sh i t a w a r a i i ch i,×,-
芸人,ピン,三浦唯歌,ミウラタダウタ,m i u r a t a d a u t a,×,-
芸人,ピン,水江明博,ミズエアキヒロ,m i z u e a k i h i r o,×,-
芸人,ピン,Mr.ボールド,ミスターボールド,m i s u t a a b o o r u d o,×,-
芸人,ピン,南志保,ミナミシホ,m i n a m i sh i h o,×,-
芸人,ピン,めぐまりこ,メグマリコ,m e g u m a r i k o,×,-
芸人,ピン,山田ゆき,ヤマダユキ,y a m a d a y u k i,×,-
芸人,ピン,山本あきこ,ヤマモトアキコ,y a m a m o t o a k i k o,×,-
芸人,ピン,LOVE ME DO,ラブミードゥ,r a b u m i i d o u,×,-
芸人,ピン,リー5世,リーゴセイ,r i i g o s e i,×,-
